EntryID,Sequence
neuroglobin1,MEKLSEKDKGLIRDSWESLGKNKVPHGIVLFTRLFELDPALLTLFSYSTNCGDAPECLSSPEFLEHVTKVMLVIDAAVSHLDDLHTLEDFLLNLGRKHQAVGVNTQSFALVGESLLYMLQSSLGPAYTTSLRQAWLTMYSIVVSAMTRGWAKNGEHKSN
neuroglobin2,MERPESELIRQSWRAVSRSPLEHGTVLFSRLFALEPSLLPLFQYNGRQFSSPEDCLSSPEFLDHIRKVMLVIDAAVTNVEDLSSLEEYLATLGRKHRAVGVRLSSFSTVGESLLYMLEKCLGPDFTPATRTAWSQLYGAVVQAMSRGWDGE
neuroglobin3,MERPESELIRQSWRVVSRSPLEHGTVLFARLFALEPSLLPLFQYNGRQFSSPEDCLSSPEFLDHIRKVMLVIDAAVTNVEDLSSLEEYLTSLGRKHRAVGVRLSSFSTVGESLLYMLEKCLGPDFTPATRTAWSRLYGAVVQAMSRGWDGE
neuroglobin4,MERPEPELIRQSWRAVSRSPLEHGTVLFARLFALEPDLLPLFQYNCRQFSSPEDCLSSPEFLDHIRKVMLVIDAAVTNVEDLSSLEEYLASLGRKHRAVGVKLSSFSTVGESLLYMLEKCLGPAFTPATRAAWSQLYGAVVQAMSRGWDGE
neuroglobin5,MERPEHELIRQSWRAVSRSPLEHGTVLFARLFDLEPDLLPLFQYNCRQFSSPEDCLSSPEFLDHIRKVMLVIDAAVTNVEDLSSLEEYLAGLGRKHRAVGVKLSSFSAVGESLLYMLEKCLGPTFTPATRAAWSQLYGAVVQAMSRGWNGE
neuroglobin6,MELPEPELIRQSWREVSRSPLEHGTVLFARLFDLEPDLLPLFQYNCRQFSSPEDCLSSPEFLDHIRKVMLVIDAAVTNVEDLSSLEEYLAGLGRKHRAVGVKLSSFSTVGESLLYMLEKCLGPAFTPATRAAWSQLYGAVVQAMSRGWGGE
neuroglobin7,MEKLTEKEKELIRVSWESLGKDKVPHGVIMFSRLFELEPALLNLFHYNTNCGTIQDCLSSPEFLDHVTKVMLVIDAAVSHLDNLHTLEDFLLNLGKKHQAVGVNTQSFAVVGESLLYMLQCSLGQGYTAPLRQAWLNMYTIVVAAMSRGWAKNGEHKTD
neuroglobin8,MEKLTEKDKELIRGSWESLGKNKVPHGVVMFSRLFELEPALLNLFHYNTNCSPTQDCLSSPEFLDHVTKVMLVIDAAVSHLDDLHTLEDFLLNLGKKHQAVGVNTQSFAVVGESLLYMLQCSLGHGYTGPLRQAWLNMYTIVVAAMSRGWAKNGEHKTD
neuroglobin9,MERPEPELIRQSWRAVSRSPLEHGTVLFARLFALEPDLLPLFQYNCRQFSSPEDCLSSPEFLDHIRKVMLVIDAAVTNVEDLSSLEEYLASLGRKHRAVGVKLSSFSTVGESLLYMLEKCLGPAFTPATRAAWSQLYGAVVQAMSRGWDGE
neuroglobin10,MERPEQELIRQSWRAVSRSPLEHGTVLFARLFDLEPDLLPLFQYNCRQFSSPEDCLSSPEFLDHIRKVMLVIDAAVTNVEDLSSLEEYLAGLGRKHRAVGVRFSSFSTVGESLLYMLEKCLGPAFTPATRAAWSQLYGAVVQAMSRGWDGE
neuroglobin11,MERPEPELIRQSWRAVRRSPLEHGTVLFARLFDLEPDLLPLFQYNCRQFSSPEDCLSSPEFLDHIRKVMLVIDTAVTNVEDLSSLEEYLAGLGKKHRAVGVKLSSFSTVGESLLYMLEKCLGPAFTPAVRAAWSQLYGAVVQAMSRGWDGD
neuroglobin12,MERPEPELIRQSWRAVSRSPLEHGTVLFARLFALEPDLLPLFQYNCRQFSSPEDCLSSPEFLDHIRKVMLVIDAAVTNVEDLSSLEEYLASLGRKHRAVGVKLSSFSTVGESLLYMLEKCLGPAFTPATRAAWSQLYGAVVQAMSRGWDSE
neuroglobin13,MEKLSSKDKELIRGSWDSLGKNKVPHGVILFSRLFELDPELLNLFHYTTNCGSTQDCLSSPEFLEHVTKVMLVIDAAVSHLDDLHSLEDFLLNLGRKHQAVGVKPQSFAMVGESLLYMLQCSLGQAYTASLRQAWLNMYSVVVASMSRGWAKNGEDKAD
neuroglobin14,MEKLSEKDKELIRGSWESLGKNKVPHGVVMFSRLFELDPELLTLFHYTTNCGSTQDCLSSPEFLEHVTKVMLVIDAAVSHLDDLPSLEDFLLNLGRKHQAVGVNTQSFAEVGESLLYMLQCSLGQAYTAPLRQAWLNLYSIVVAAMSQGWAKNGEDKAD
anc1alphabeta,MVHLSAADKQAIKSIWGKVAANAEEIGAEALARMFVTYPQTKTYFSHFSDLSAAEAIKGSPQVKAHGKKVMGAIGEAVKHLDNLSGALSKLSEKHAHKLRVDPHNFKLLSDCILVVLAVHFGADFTPEVHAAWDKFLAVVATALSEKYR
anc2alpha,MVLSAADKQAIKSIWGKVAANAEEIGAEALARMFVTYPQTKTYFSHFSDLSAGSPQVKAHGKKVMGAIGEAVKHLDNLSGALSKLSEKHAHKLRVDPHNFKLLSDCILVVLAVHFGADFTPEVHAAWDKFLAAVATALSEKYR
anc3beta,MVHWTAEEKQAITSVWGKIDAEEVGAEALARMFVVYPWTKRYFSSFGNLSSAAAIMGNPKVKAHGKKVMGALGEAVKHLDNIKATFAKLSEKHSEKLHVDPENFRLLGDCLIVVLAAHFGADFTPEVQAAWQKFLAVVASALSRKYH
anc4myohemo,MVSLSEADKEAIRDVWGKVYANAEENGTTVLVRMFTEHPETKQYFSHFKDISTAEDMKGSPQVKAHGKRVMSALGDVVQHLDNLSSVLKPLAEKHANKHKVDPHNFKLLSDVILAVLAEKFGGDFTPEARAAWEKLLSVICTHLESAYK
natural_beta,MLTAEEKAAVTAFWGKVKVDEVGGEALGRLLVVYPWTQRFFESFGDLSTADAVMNNPKVKAHGKKVLDSFSNGMKHLDDLKGTFAALSELHCDKLHVDPENFKLLGNVLVVVLARNFGKEFTPVLQADFQKVVAGVANALAHRYH
natural_beta,MLTAEEKAAVTAFWGKVHVDEVGGEALGRLLVVYPWTQRFFESFGDLSTADAVMNNPKVKAHGKKVLDSFSNGMKHLDDLKGTFAALSELHCDKLHVDPENFKLLGNVLVVVLARHFGKEFTPVLQADFQKVVAGVANALAHRYH
natural_beta,VHLSGDEKNAVHGLWSKVKVDEVGGEALGRLLVVYPWTRRFFESFGDLSTADAVMNNPKVKAHGSKVLNSFGDGLNHLDNLKGTYAKLSELHCDKLHVDPENFRLLGNVLVVVLARHFGKEFTPDLQAAYQKVVAGVANALAHRYH
natural_beta,VHLTAAEKSAILDLWGKVNVGEIGAEALGRLLVVYPWTQRFFEKFGDLSSASAIMSNAHVKSHGAKVLASFSEGLKHLQDLKGTFAKLSELHCDKLHVDPENFRLLGNMLTIAIAHHHPSEFTPCTQAAFQKVTAGVANALAHK
natural_beta,VHLTAEEKSLVSGLWGKVNVDEVGGEALGRLLIVYPWTQRFFDSFGDLSTPDAVMSNAKVKAHGKKVLNSFSDGLKNLDNLKGTFAKLSELHCDKLHVDPENFKLLGNVLVCVLAHHFGKEFTPQVQAAYQKVVAGVANALAHKYH
natural_beta,VQLSGEEKAAVLALWDKVNEEEVGGEALGRLLVVYPWTQRFFDSFGDLSNPGAVMGNPKVKAHGKKVLHSFGEGVHHLDNLKGTFAALSELHCDKLHVDPENFRLLGNVLVVVLARHFGKDFTPELQASYQKVVAGVANALAHKYH
natural_beta,VHLSGEEKSAVTALWGKVNVEEVGGETLGRLLVVYPWTQRFFESFGDLSTASAVMGNPKVKAHGKKVLAAFSEGLSHLDNLKGTFAKLSELHCDKLHVDPENFRLLGNVLVIVLSHHFGKEFTPQVQAAYQKVVAGVANALAHKYH
natural_beta,VHLSSEEKSAVTALWGKVNVEEVGGEALGRLLVVYPWTQRFFESFGDLSSANAVMNNPKVKAHGKKVLAAFSEGLSHLDNLKGTFAKLSELHCDKLHVDPENFRLLGNVLVIVLSHHFGKEFTPQVQAAYQKVVAGVANALAHKYH
natural_beta,MLTAEEKAAVTGFWGKVKVDEVGAEALGRLLVVYPWTQRFFEHFGDLSNADAVMNNPKVKAHGKKVLDSFSNGMKHLDDLKGTFAQLSELHCDKLHVDPENFRLLGNVLVVVLARHHGNEFTPVLQADFQKVVAGVANALAHKYH
natural_beta,VHLTDAEKAAVNGLWGKVNPDDVGGEALGRLLVVYPWTQRYFDSFGDLSSASAIMGNPKVKAHGKKVINAFNDGLKHLDNLKGTFAHLSELHCDKLHVDPENFRLLGNMIVIVLGHHLGKEFTPCAQAAFQKVVAGVASALAHKY
natural_beta,VHLSAEEKEAVLGLWGKVNVDEVGGEALGRLLVVYPWTQRFFESFGDLSNADAVMGNPKVKAHGKKVLQSFSDGLKHLDNLKGTFAKLSELHCDQLHVDPENFRLLGNVIVVVLARRLGHDFNPDVQAAFQKVVAGVANALAHKYH
natural_beta,HLTAEEKSLVSGLWAKVNVDEVGGEALGRLLIVYPWTQRFFDSFGDLSTPDSVMSNAKVKAHGKKVLNSFSDGLKNLDNLKGTFAKLSELHCDKLHVDPENFKLLGNVLVCVLAHHFGKEFTPQVQAAYQKVVAGVANALAHKY
natural_beta,VHLTAEEKAHVSGLWGKVNTEEVGGEALGRLLVVYPWTQRFFETFGDLSSANAIMNNPKVKAHGKKVLSSFSDGLKNLDNLKGTFAALSELHCDKLHVDPENFKLLGNVLVCVLAHHFGKEFTPQVQAAYQKIVAGVANALAHKYH
natural_beta,MLTAEEKAAVTGFWGKVDVDVVGAQALGRLLVVYPWTQRFFQHFGNLSSAGAVMNNPKVKAHGKRVLDAFTQGLKHLDDLKGAFAQLSGLHCNKLHVNPQNFRLLGNVLALVVARNFGGQFTPNVQALFQKVVAGVANALAHKYH
natural_beta,HLTPEEKSAVTALWGKVNVDEVGGEALGRLLVVYPWTQRFFESFGDLSTPDAVMGNPKVKAHGKKVLGAFSDGLAHLDNLKGTFATLSELHCDKLHVDPENFRLLGNVLVCVLAHHFGKEFTPPVQAAYQKVVAGVANALAHKYH
natural_beta,VHLTAEEKSLVSGLWGKVNVDEVGGEALGRLLIVYPWTQRFFDSFGDLSTPDAVMSNAKVKAHGKKVLNSFSDGLKNLDNLKGTFAKLSELHCDKLHVDPENFKLLGNVLVCVLAHHFGKEFTPQVQAAYQKVVAGVANALAHKYH
natural_beta,FLTAEEKGLVNGLWGKVNVDEVGGEALGRLLVVYPWTQRFFESFGDLSSADAIMSNAKVKAHGKKVLNSFSDGLKNIDDLKGAFAKLSELHCDKLHVDPENFRLLGNVLVCVLAHHFGHDFNPQVQAAFQKVVAGVANALAHKYH
natural_beta,VQLSGEEKAAVLALWDKVNEEEVGGEALGRLLVVYPWTQRFFDSFGDLSNPGAVMGNPKVKAHGKKVLHSFGEGVHHLDNLKGTFAALSELHCDKLHVDPENFRLLGNVLALVVARHFGKDFTPELQASYQKVVAGVANALAHKYH
natural_beta,VNLTAAEKTQVANLWGKVNVKELGGEALSRLLVVYPWTRRFFEHFGDLSTADAVLHNAKVLAHGEKVLTSFGEGLKHLDNLKGTFSDLSELHCDKLHVDPQNFRLLGNVLVIVLARHFGKEFTPDVQAAYEKVVAGVANALAHKYH
natural_beta,MLTAEEKAAVTGFWGKVKVDEVGAEALGRLLVVYPWTQRFFEHFGDLSSADAVMNNAKVKAHGKKVLDSFSNGMKHLDDLKGTFAQLSELHCDKLHVDPENFKLLGNVLVVVLARHHGSEFTPLLQAEFQKVVAGVANALAHRYH
natural_beta,VHLSGEEKAAVTGLWGKVKVDEVGGEALGRLLVVYPWTQRFFDSFGDLSSASAVMGNPKVKAHGKKVLDSFSEGLQHLDNLKGTFAKLSELHCDKLHVDPENFRLLGNVLVCVLARHFGKEFTPQVQAAYQKVVAGVANALAHKYH
natural_alpha,VLSAADKGNVKAAWGKVGGHAAEYGAEALERMFLSFPTTKTYFPHFDLSHGSAQVKGHGAKVAAALTKAVEHLDDLPGALSELSDLHAHKLRVDPVNFKLLSHSLLVTLASHLPSDFTPAVHASLDKFLANVSTVLTSKYR
natural_alpha,VLSAADKSNIQAAWGKVGGHAADYGAEALERMFLSFPTTKTYFPHFDLSHGSAQVKGHGAKVANALTKAVGHLDDLPGALSELSDLHAHKLRVDPVNFKLLSHSLLVTLASHLPNDFTPAVHASLDKFLASVSTVLTSKYR
natural_alpha,VLSSKDKTNVKTAFGKIGGHAAEYGAEALERMFLGFPTTKTYFPHFDLSHGSAQVKAHGKKVGDALTKAADHLDDLPSALSALSDLHAHKLRVDPVNFKLLSHCLLVTVAAHHPGDFTPSVHASLDKFLANVSTVLTSKYR
natural_alpha,VLSAADKNNVKTTWDKIGGHAAEYVAEGLTRMFTSFPTTKTYFHHIDVSPGSGDIKAHGKKVADALTTAVGHLDDLPTALSTLSDVHAHKLRVDPVNFKFLNHCLLVTLAAHLGADFTPSIHASLDKFFASVSTVLTSK
natural_alpha,VLSPADKTNIKSTWDKIGGHAGDYGGEALDRTFQSFPTTKTYFPHFDLSPGSAQVKAHGKKVADALTTAVAHLDDLPGALSALSDLHAYKLRVDPVNFKLLSHCLLVTLACHHPTEFTPAVHASLDKFFTAVSTVLTSKYR
natural_alpha,VLSAADKTNVKAAWSKVGGNAGEFGAEALERMFLGFPTTKTYFPHFDLSHGSAQVKAHGKKVGDALTLAVGHLDDLPGALSNLSDLHAHKLRVDPVNFKLLSHCLLSTLAVHLPNDFTPAVHASLDKFLSSVSTVLTSKYR
natural_alpha,VLSPADKTNIKTAWEKIGSHGGEYGAEAVERMFLGFPTTKTYFPHFDFTHGSEQIKAHGKKVSEALTKAVGHLDDLPGALSALSDLHAHKLRVDPVNFKLLSHCLLVTLANHHPSEFTPAVHASLDKFLANVSTVLTSKYR
natural_alpha,VLSPADKTNIKTAWEKIGSHGGEYGAEAVERMFLGFPTTKTYFPHFDFTHGSEQIKAHGKKVSEALTKAVGHLDDLPGALSTLSDLHAHKLRVDPVNFKLLSHCLLVTLANHHPSEFTPAVHASLDKFLANVSTVLTSKYR
natural_alpha,VLSAADKSNVKAAWGKVGGNAGAYGAEALERMFLSFPTTKTYFPHFDLSHGSAQVKGHGEKVAAALTKAVGHLDDLPGTLSDLSDLHAHKLRVDPVNFKLLSHSLLVTLACHLPNDFTPAVHASLDKFLANVSTVLTSKYR
natural_alpha,VLSADDKTNIKNCWGKIGGHGGEYGEEALQRMFAAFPTTKTYFSHIDVSPGSAQVKAHGKKVADALAKAADHVEDLPGALSTLSDLHAHKLRVDPVNFKFLSHCLLVTLACHHPGDFTPAMHASLDKFLASVSTVLTSK
natural_alpha,VLSAADKANVKAAWGKVGGQAGAHGAEALERMFLGFPTTKTYFPHFNLSHGSDQVKAHGQKVADALTKAVGHLDDLPGALSALSDLHAHKLRVDPVNFKLLSHCLLVTLAAHHPDDFNPSVHASLDKFLANVSTVLTSKYR
natural_alpha,VLSPADKTNIKSTWDKIGGHAGDYGGEALDRTFQSFPTTKTYFPHFDLSPGSAQVKAHGKKVADALTTAVAHLDLPGALSALSDLHAYKLRVDPVNFKLLSHCLLVTLACHHPTEFTPAVHASLDKFFTAVSTVLTSKYR
natural_alpha,VLSPADKTNIKASWEKIGSHGGEYGAEALERTFLCFPTTKTYFPHFDLSHGSAQVKAHGKKVADALTNAVGHLDDLPGALSALSDLHAYKLRVDPVNFKLLSHCLLVTLASHHPAEFTPAVHASLDKFLSSVSTVLTSKYR
natural_alpha,VLSAANKSNVKAAWGKVGGNAPAYGAQALQRMFLSFPTTKTYFPHFDLSHGSAQQKAHGQKVANALTKAQGHLNDLPGTLSNLSNLHAHKLRVNPVNFKLLSHSLLVTLASHLPTNFTPAVHANLNKFLANDSTVLTSKYR
natural_alpha,LSPADKTNVKAAWGKVGAHAGEYGAEALERMFLSFPTTKTYFPHFDLSHGSAQVKGHGKKVADALTNAVAHVDDMPNALSALSDLHAHKLRVDPVNFKLLSHCLLVTLAAHLPAEFTPAVHASLDKFLASVSTVLTSKYR
natural_alpha,VLSPADKTNIKSTWDKIGGHAGDYGGEALDRTFQSFPTTKTYFPHFDLSPGSAQVKAHGKKVADALTTAVAHLDDLPGALSALSDLHAYKLRVDPVNFKLLSHCLLVTLACHHPTEFTPAVHASLDKFFAAVSTVLTSKYR
natural_alpha,VLSAADKSNVKACWGKIGSHAGEYGAEALERTFCSFPTTKTYFPHFDLSHGSAQVKAHGQKVADALTQAVAHMDDLPTAMSALSDLHAYKLRVDPVNFKFLSHCLLVTLACHHPAEFTPAVHASLDKFFSAVSTVLTSKYR
natural_alpha,VLSAADKTNVKAAWSKVGGHAGEYGAEALERMFLGFPTTKTYFPHFDLSHGSAQVKAHGKKVADGLTLAVGHLDDLPGALSDLSNLHAHKLRVDPVNFKLLSHCLLSTLAVHLPNDFTPAVHASLDKFLSSVSTVLTSKYR
natural_alpha,VLSDNDKTNVKATWSKVGDHASDYVAEALERMFFSFPTTKTYFPHFDLSHGSGQVKGHGKKVGEALTQAVGHLDDLPSALSALSDLHAHKLRVDPVNFKLLSHCLLVTLSSHQPTEFTPEVHASLDKFLSNVSTVLTSKYR
natural_alpha,VLSAADKSNVKAAWGKVGGNAGAYGAEALERMFLSFPTTKTYFPHFDLSHGSAQVKGHGEKVAAALTKAVGHLDDLPGTLSDLSDLHAHKLRVDPVNFKLLSHSLLVTLACHLPNDFTPAVHASLDKFLANVSTVLTSKYR
natural_alpha,VLSSTDKSNVKAAWDKVGGNVGEYGAEALERMFLSFPTTKTYFPHFDLAHGSSQVKAHGKKVGDALTNAVGHIDDLPGALSALSDLHAYKLRVDPVNFKLLSHCLLVTLASHLPSDFTPAVHASLDKFLASVSTVLTSKYR
alpha_gpt34,MSLTPEEKGNVKAAWGKVGGHAGEYGAEALERMFLSFPTTKTYFPHFDLSHGSAQVKGHGAKVAAALTKAVGHLDDLPGALSELSDLHAHKLRVDPVNFKLLSHCLLVTLACHHPAEFTPAVHASLDKFLASVSTVLTSKYR
alpha_gpt43,VLSAADKTNVKAAWGKVGGHAGDYGAEALERMFLSFPTTKTYFPHFDLSHGSAQVKGHGKKVGDALTLAVGHLDDLPGALSDLSDLHAHKLRVDPVNFKLLSHCLLVTLASHHPAEFTPAVHASLDKFLAVVSHALGNRYR
alpha_gpt63,MVLSPADKTNVKAAWDKVGGHAGDYGAEALERMFLSFPTTKTYFPHFDLAHGSEQVKGHGKKVADALGNAVKNLDDLAAALAKLSDLHAHKLRVDPVNFKLLSHCLLVTLACHHPAEFTPAVHASLDKFLASVSTVLTSKYR
alpha_gpt87,MALSPADKTNVKAAWGKVGGHAGEYGAEALERMFLSFPTTKTYFPHFDLSHGSAQVKGHGAKVAAALTKAVGHLDDLPGALSELSNLHAYNLRVDPVNFKLLSQCILVTLACHHPAEFTPAVHKALDKFMSAVAAVLTSKYR
alpha_gpt90,MVLSAADKSNVKAAWGKVGGNAGDYGAEALERMFLSFPTTKTYFPHFDLSHGSAQVKGHGAKVAAALTKAVGHLDDLPGALSELSDLHAHKLRVDPVNFKLLSHCLLVTLAAHLPNDFTPAVHASLDKFLANVSTVLTSKYR
alpha_gpt124,MVLTAEDKSNIKAAWDKVGGNAGEYGAEALERMFLSFPTTKTYFPHFDLSPGSAQVKGHGKKVADALTTAVGHLDDLPGALSNLSDLHAHKLRVDPVNFKLLSHCLLVTLACHHPAEFTPAVHASLDKFLASVSTVLTSKYR
alpha_gpt244,MVLSPADKTNVKTAWGKVGGHAGEYGAEALERMFLSFPTTKTYFPHFDLSHGSAQVKGHGAKVAAALTKAVGHLDDLPGALSDLSDLHAHKLRVDPVNFKLLSHCLLVTLASHLPNDFTPAVHASLDKFLANVSTVLTSKYR
alpha_gpt263,ISLSPADKTNVKTAWGKVGGNAGEYGGEALERTFASFPTTKTYFPHFDLSHGSDQVKAHGGKVADALTNATNNLDALPGALSQLSDLHAHKLRVDPVNFKLLSHCLLVTLAVHHPAEFTPAVHASLDKFLASVSTVLTSKYR
alpha_gpt303,MVLSPADKTNVKAAWEKVGGHAAEYGAEALERMFLSFPTTKTYFPHFDLSHGSAQVKGHGAKVAAALTKAVGHLDDLPGALSELSDLHAYKLRVDPVNFKLLSHSLLVTLACHLPNDFTPAVHASLDKFLSNVSTVLTSKYR
alpha_gpt321,MAISVADQEKIKSTWEKVGGHAGDYGAEALERMFLSFPTTKTYFPHFDLSHGSAQVKGHGKKVADALTKAVGHLDDLPGALSELSDLHAYKLRVDPVNFKLLSHCLLVTLAAHLPNDFTPAVHASLDKFLASVSTVLTSKYR
alpha_gpt323,MVLSPADKTNVKAAWDKVGGHAGEYGAEALERMFLSFPTTKTYFPHFDLSHGSAQVKGHGAKVAAALTKAVGHLDDLPGALSDLSDLHAHKLRVDPVNFKLLSHCLLVTVAAHHPGDFTPAVHASLDKFLASVSTVLTSKYR
alpha_gpt350,MIHATDAEKATVKACWAKVGKDADEYGAEALERMFLSFPTTKTYFPHFDLSHGSAQVKGHGKKVGDALTLAVGHLDDLPGALSELSDLHAHKLRVDPVNFKLLSHCLLVTLASHLPADFTPAVHGALDKFLSNVSTVLTSKYR
alpha_gpt364,MGLSNTDKTNVKATWGKVGGHAGEYGAEALERMFLSFPTTKTYFPHFDLSHGSAQVKGHGKKVADALTQAVGHLDDLPGALSDLSDLHAHKLRVDPVNFKLLSHTLLVTLASHHPGDFTPAVHASLDKFLASVSTVLTSKYR
alpha_gpt382,MVLSAADKSNVKAAWGKVGGHAGEYGAEALERMFLSFPTTKTYFPHFDLSHGSAQVKGHGAKVAAALTKAVGHLDDLPGALSELSNLHAYNLRVDPVNFKFLSHCLLVTLAAHLPAEYTPAVHASLDKFLASVSTVLTSKYR
alpha_gpt393,MVLSPADKTNVKTAWSKVGGHAGEYGAEALERMFLSFPTTKTYFPHFDLSHGSAQVKGHGQKVADALTLAVGHVDDMPQALSALSDLHAHKLRVDPVNFKLLSHCLLVTLAAHLPAEFTPAVHASLDKFLASVSTVLTSKYR
alpha_gpt395,MVLTQADKTNVKAAWDKVGGHAGDYGAEALERMFLSFPTTKTYFPHFDLSHGSAQVKGHGAKVAAALTKAVGHLDDLPGALSELSNLHAYNLRVDPVNFKLLSQCFQVVLAVHLGKDYTPAVHASLDKFLASVSTVLTSKYR
alpha_gpt420,MAFLSQADKDAVRAVWAKVGGHAGDYGAEALERMFLSFPTTKTYFPHFDLSHGSAQVKGQGKKVADALTTAVGHLDDLPGALSDLSDLHAHKLRVDPVNFKLLSHCLLVTLAAHLPADFTPAVHASLDKFLASVSTVLTSKYR
alpha_gpt430,VLTEEDKAKVLATWEKIKDNVPDYGAEALERMFLSFPTTKTYFPHFDLSHGSAQVKNHGKKVADALTTAVNHIDDLPGALSNLSDLHAHKLRVDPVNFKLLSHCLLVTLASHHAGDFTPAVHASLDKFLANVSTVLTSKYR
alpha_gpt451,MALSPADKTNVKAAWGKVGGHAGEYGAEALERMFLSFPTTKTYFPHFDLSHGSAQVKGHGAKVAAALTQAVSHLDDLPGALSNLSDLHAHKLRVDPVNFKLLSQCLLVTLACHHPAEFTPAVHASLDKFFSAVSTVLTSKYR
alpha_gpt489,MLLSAADKTNVKAAWGKVGGHAAEYGAEALERMFLSFPTTKTYFPHFDLSHGSAQVKGHGAKVAAALTKAVGHLDDLPGALSELSDLHAHKLRVDPVNFKLLSHCLLVTVAAHLPGDFTPAVHASLDKFLANVSTVLTSKYR
alpha_gpt538,MVLSGADKTNVKAAWGKVGGHAAEYGAEALERMFLSFPTTKTYFPHFDLSHGSAQVKGHGAKVAAALTKAVGHLDDLPGALSELSDLHAHKLRVDPVNFKLLSHCLLVTLAAHLPNDFTPAVHASLDKFLASVSTVLTSKYR
alpha_gpt569,MLSAADKTNVQAAWGKVGGHAGEYGAEALERMFLSFPTTKTYFPHFDLSHGSAQVKGHGKKVGDALGNAVAHVDDMPAALSALSDLHAHKLRVDPVNFKLLSHCLLVTLASHHPGDFTPAVHASLDKFLASVSTVLTSKYR
alpha_gpt576,MAALTDADKKTVKAIWDKVGAEAAEHGAEALERMFLSFPTTKTYFPHFDLSHGSAQVKGHGKKVGDALTLAVGHLDDLPGALSELSDLHAHKLRVDPVNFKLLSHCLLVTLACHHPAEFTPAVHASLDKFLASVSTVLTSKYR
alpha_gpt633,MGLSAADKTNIKAAWGKVGGHAGEYGAEALERMFLSFPTTKTYFPHFDLSHGSAQVQAHGKKVGDALTLAVGHVDDMPHALSKLSDLHAHKLRVDPVNFKLLSHCLLVTLAAHHPAEFTPAVHASLDKFLSSVSTVLTSKYR
alpha_gpt636,MVLNAEDKSNVKAAWGKVGGHAGEYGAEALERMFLSFPTTKTYFPHFDLSHGSAQVKGHGAKVAAALTKAVGHLDDLPGALSELSNLHAYNLRVDPVNFKLLSQCFQVVLAVHLGKDFTPEVHASLDKFFAAVSTVLTSKYR
alpha_gpt692,MILSPADKTNVKAAWTKIGGHAGEYGAEALERMFLSFPTTKTYFPHFDLSHGSAQVKGHGAKVAAALTKAVGHLDDLPGALSELSNLHAYNLRVDPVNFKFLSHCLLVTLASHHPAEFTPAVHASLDKFLASVSTVLTSKYR
alpha_gpt706,MVLSPADKTNVKTAWGKVGGHAGEYGAEALERMFLSFPTTKTYFPHFDLSHGSAQVKGHGAKVAAALTKAVGHLDDLPGALSELSNLHAYNLRVDPVNFKLLSQCFQVVLAVHLGKEYTPEVHASLDKFFAAVSTVLTARYR
alpha_gpt715,MGLSAADKSNVKGIFTKVGSHAAEYGAEALERMFLSFPTTKTYFPHFDLSHGSAQVAGHGKKVANALTQAVAHVDDMPNALSALSDLHAHKLRVDPVNFKLLSHSLLVTLAAHLPSDFTPAVHASLDKFLANVSTVLTSKYR
alpha_gpt723,ISLSPADKSNVKAAWGKVGGHAGEYGAEALERMFLSFPTTKTYFPHFDLSHGSAQVKGHGAKVAAALTKAVGHLDDLPGALSELSDLHAHKLRVDPVNFKLLSHCLLVTLAAHHPADFTPAVHASLDKFLASVSTVLTSKYR
alpha_gpt797,MALSKADKAAVTKTWGKIGGHAGEYGAEALERMFLSFPTTKTYFPHFDLSHGSAQVKGHGGKVADALTLAVGHLDDLPGALSTLSDLHAHKLRVDPVNFKLLSHCLLVTLASHHPSDFTPAVHASLDKFLASVSTVLTSKYR
alpha_gpt825,MFSAADKTNVKAAWGKVGGHAGEYGAEALERMFLSFPTTKTYFPHFDLSHGSAQVKAHGKKVGDALTLAVGHLDDLPGALSKLSDLHAYKLRVDPVNFKLLSHCLLVTLAAHHPAEFTPAVHASLDKFFAAVSTVLTSKYR
alpha_gpt846,MVLSPADKTNVKTAWGKVGGHAGEYGAEALERMFLSFPTTKTYFPHFDLSHGSAQVKGHGAKVAAALTKAVGHLDDLPGALSDLSDLHAHKLRVDPVNFKLLSHSLLVTLASHLPSDFTPAVHASLDKFLASVSTVLTSKYR
alpha_gpt871,MVLSPADKTNVKAAWEKVGAHAGEYGAEALERMFLSFPTTKTYFPHFDLSHGSAQVKGHGQKVADALTNAVAHLDDLPGALSNLSDLHAHKLRVDPVNFKFLSHCLLVTLAAHHGSDFTPAVHASLDKFLASVSTVLTSKYR
alpha_gpt907,MLLSAEDKTNIKAAWGKVGGNAGEYGGEALERTFASFPTTKTYFPHFDLSHGSAQVKGHGAKVAAALTKAVGHLDDLPGALSELSDLHAHKLRVDPVNFKLLSHCLLVTLACHLPNDFTPAVHASLDKFLANVSTVLTSKYR
alpha_gpt939,MLLSAKDKTNVKAAWGKVGGHGGEYGAEALERMFLSFPTTKTYFPHFDLSHGSAQVKGHGAKVAAALTKAVGHLDDLPGALSELSDLHAHKLRVDPVNFKLLSHCLLVTLACHHPAEFTPAVHASLDKFLASVSTVLTSKYR
alpha_gpt969,VLTPEDQKTVKATWDKIGGHAGDYGGEALERTFASFPTTKTYFPHFDLSHGSAQVKGHGKKVADALTTAVGHLDDLPGALSTLSDLHAHKLRVDPVNFKLLSHCLLTTVAHHLPNDFTPAVHASLDKFLANVSTVLTSKYR
alpha_gpt982,MVLSPADKTNVKTAWGSVGSHAGEYGAEALERMFLSFPTTKTYFPHFDLSHGSAQVKGHGQKVADALTNAVSHVDDMPNALSALSDLHAHKLRVDPVNFKLLSHSLLVTLASHLPSDFTPAVHASLDKFLANVSTVLTSKYR
alpha_gpt999,MLLSDADKTNVKASWGKVGGHAGEYGAEALERMFLSFPTTKTYFPHFDLSHGSAQVKGHGAKVAAALTKAVGHLDDLPGALSELSDLHAHKLRVDPVNFKLLSHCLLVTLACHHPTEFTPAVHASLDKFLASVSTVLTSKYR
alpha_gpt1016,MVLSPADKSNVKAAWGKVGGHAADYGAEALERMFLSFPTTKTYFPHFDLSHGSAQVKGHGAKVAAALTKAVGHLDDLPGALSELSDLHAHKLRVDPVNFKLLSHCLLVTLASHLPNDFTPAVHASLDKFLANVSTVLTSKYR
alpha_gpt1055,MYLSPADKTNVKTAWGKVGGHAGEYGAEALERMFLSFPTTKTYFPHFDLSHGSAQVKGHGKKVADALTTAVSHVDDMPNALSALSDLHAYKLRVDPVNFKLLSHCLLVTLASHHPAEFTPAVHASLDKFLASVSTVLTSKYR
alpha_gpt1135,MFTQADKTNIKASWGKVGGHAGEYGGEALERTFASFPTTKTYFPHFDLSHGSAQVKGHGKKVADALTNAVAHVDDLPSALSTLSDLHAHKLRVDPVNFKLLSHCLLVTLACHHPAEFTPAVHASLDKFFSAVSTVLTSKYR
alpha_gpt1148,MGSFSAADKTNVHTTFGKIGGNAAQYGAEALERMFLSFPTTKTYFPHFDLSHGSAQVKGHGKKVADALTLAAAHVDDMPQALSALSDLHAHKLRVDPVNFKLLSHCLLVTLACHHPAEFTPAVQASLDKFLASVSTVLTSKYR
alpha_gpt1170,MLLSAADKSNVKAAWGKVGGHGGEYGAEALERMFLSFPTTKTYFPHFDLSHGSAQVKGHGAKVAAALTKAVGHLDDLPGALSELSDLHAYKLRVDPVNFKLLSHCLLVTLASHLPSDFTPAVHASLDKFLASVSTVLTSKYR
alpha_gpt1181,MLLPADQKAKVKGTWDKVGGHAGEYGGEALERTFASFPTTKTYFPHFDLSHGSAQIKAHGKKVGDALTNAVAHLDDLPGALSKLSDLHAHKLRVDPVNFKLLSHCLLVTLAAHNPADFTPAVHASLDKFLASVSTVLTSKYR
alpha_gpt1197,VLNADEKNTVKSLWGKVGGHAGEYGAEALERMFLSFPTTKTYFPHFDLSHGSAQVKGHGKKVGDALTLAVGHVDDMPNALSALSDLHAHKLRVDPVNFKLLSHSLLVTLACHHPAEFTPAVHASLDKFLASVSTVLTSKYR
alpha_gpt1244,MATLSPADKNHVKAVWGKVGGHAADYGAEALERMFLSFPTTKTYFPHFDLSHGSAQVKGHGKKVADALTKAVGHLDDLPGALSELSDLHAHKLRVDPVNFKLLSHCLLVTLASHLPNDFTPAVHASLDKFLASVSTVLTSKYR
alpha_gpt1248,MVLSPADKTNVKTAWGKVGAHAGDYGAEALERMFLSFPTTKTYFPHFDLSHGSAQVKGHGEKVAAALTKAVGHLDDLPGALSELSDLHAHKLRVDPVNFKLLSHCLLVTLAAHLPADFTPAVHASLDKFLASVSTVLTSKYR
alpha_gpt1262,MLSEADKTNVKAAWGKVGGHAGEYGAEALERMFLSFPTTKTYFPHFDLSHGSAQVKGHGKKVGDALGNAVAHVDDLPGALSTLSDLHAHKLRVDPVNFKLLSHCLLVTLAAHLPNDFTPAVHASLDKFLASVSTVLTSKYR
alpha_gpt1265,LLTATDKSNIKAAWEKVGGNAGEYGAEALERMFLSFPTTKTYFPHFDLSHGSAQVKGHGKKVGDALTLAVGHVDDMPHALSALSDLHAHKLRVDPVNFKLLSHCLLVTLAAHHPAEFTPAVHASLDKFFSAVSTVLTSKYR
alpha_gpt1334,MLTAEEKTNVKAAWDKVGGHAGEYGAEALERMFLSFPTTKTYFPHFDLSHGSAQVKGHGKKVGDALTKAVGHLDDLPGALSELSDLHAHKLRVDPVNFKLLSHCLLVTLASHHPGDFTPAVHASLDKFFAAVSTVLTSKYR
alpha_gpt1367,MVLSPADKTNVKASWGKVGGHAGEYGAEALERMFLSFPTTKTYFPHFDLSHGSAQVKGHGAKVAAALTKAVGHLDDLPGALSDLSDLHAHKLRVDPVNFKLLSHCLLVTLASHLPNDFTPAVHASLDKFLASVSTVLTSKYR
alpha_gpt1372,MVLSPADKTNVKAAWDKVGGHAGDFGAEALERMFLSFPTTKTYFPHFDLSHGSAQVKGHGAKVAAALTKAVGHLDDLPGALSELSDLHAHKLRVDPVNFKLLSHCLLVTLACHHPAEFTPAVHASLDKFLASVSTVLTSKYR
alpha_gpt1373,MVLSAADKSNVKAAWQKVGGHAGDYGAEALERMFLSFPTTKTYFPHFDLSHGSAQVKAHGKKVAGALTDAVGHLDDLPGALSKLSDLHAHKLRVDPVNFKLLSHCLLVTLALHHPAEFTPAVHASLDKFLASVSTVLTSKYR
alpha_gpt1375,MVLSEADKTNVKAAWDKVGGHAGEYGAEALERMFLSFPTTKTYFPHFDLSHGSAQVKGHGKKVADALTNAVAHVDDMPNALSALSDLHAHKLRVDPVNFKLLSHCLLATVACHHPADFTPAVHASLDKFLASVSTVLTSKYR
alpha_gpt1423,MVLSAADKSNVKAAWSKVGGHAGEYGAEALERMFLSFPTTKTYFPHFDLSPGSTQVKGHGKKVADALTKAVGHLDDLPGALSELSDLHAHKLRVDPVNFKLLSHCLLVTLACHHPAEFTPAVHASLDKFLASVSTVLTSKYR
alpha_gpt1434,VALSEADKRNVKATWEKIGSHAAEHGAEALERMFLSFPTTKTYFPHFDLSHGSAQVKGHGAKVAAALTKAVGHLDDLPGALSELSDLHAHKLRVDPVNFKLLSHCLLVTLACHHPAEFTPAVHASLDKFLASVSTVLTSKYR
alpha_gpt1445,MAALSDTDKTNVKAAWGKVGGHAGEYGAEALERMFLSFPTTKTYFPHFDLSPGSAQVKAHGKKVADALTLAVGHVDDMPQALSALSDLHAHKLRVDPVNFKLLSHCLLVTLAAHLPNDFTPAVHASLDKFLASVSTVLTSKYR
alpha_gpt1447,MVVFTEADKANIKATWSKIANHAGDYGAEALERMFLSFPTTKTYFPHFDLSHGSAQVKGQGKKVAAALTTAVGHLDDLPGALSDLSDLHAHKLRVDPVNFKLLSHCLLVTLAAHHPAEFTPAVHAALDKFLASVSTVLTSKYR
alpha_gpt1528,MVLSPADKSNVKAAWGKVGGHAGEYGAEALERMFLSFPTTKTYFPHFDLSHGSAQVKGHGAKVAAALTKAVGHLDDLPGALSELSDLHAHKLRVDPVNFKLLSHCLLTTVAAHLPNDFTPAVHASLDKFLANVSTVLTSKYR
alpha_gpt1604,MVLSAADKGNVKAAWGKVGGHAAEYGAEALERMFLSFPTTKTYFPHFDLSHGSAQVKGHGAKVAAALTKAVGHLDDLPGALSELSDLHAHKLRVDPVNFKLLSHCLLVTLASHHPAEFTPAVHASLDKFLASVSTVLTSKYR
alpha_gpt1616,MTLSDTDKTNVKAAWGQIGGHAGQYGAEALERMFLSFPTTKTYFPHFDLSHGSAQVKGHGAKVAAALTHAVGHLDDLPGALSELSDLHAHKLRVDPVNFKLLSHCLLVTLACHHPNDFTPAVHASLDKFLANVSTVLTSKYR
alpha_gpt1650,QLTPAEIKAVESLWGKVGSHAAEYGAEALERMFLSFPTTKTYFPHFDLSHGSGQVSAHGKKVADALTNAVAHVDDMPNALSALSDLHAHKLRVDPVNFKLLSHCLLVTLACHHPAEFTPAVHASLDKFLSTVSTVLTSKYR
alpha_gpt1666,MILSAEDKTNVKAAWGKVGGHAGDYGAEALERMFLSFPTTKTYFPHFDLSHGSAQVKGHGKKVADALTKAVGHLDDLPGALSELSNLHAYNLRVDPVNFKFLSHCLLVTLASHHPAEFTPAVHASLDKFFSAVSTVLTSKYR
alpha_gpt1721,MEPEEKAAVQKAWGDVSAHAGDYGAEALERMFLSFPTTKTYFPHFDLSHGSAQVKGHGAKVAAALTRAVGHLDDLPGALSELSDLHAHKLRVDPVNFKLLSHCLLVTLASHLPAEFTPAVHASLDKFLASVSTVLTSKYR
alpha_gpt1835,MVLSPADKTNVKTAWGKIGSHAGEYGAEALERMFLSFPTTKTYFPHFDLSHGSAQVKGHGAKVAAALTKAVGHIDDLPGALSELSDLHAHKLRVDPVNFKLLSHCLLVTLACHLPNDFTPAVHASLDKFLANVSTVLTSKYR
alpha_gpt1855,MVLSPADKSNVKAAWGKVGGHAGEYGAEALERMFLSFPTTKTYFPHFDLSHGSAQVKGHGKKVADALTLAVGHVDDLPGALSKLSDLHAHKLRVDPVNFKLLSHCLLVTLASHHGDAFTPAVHASLDKFLSSVSTVLTSKYR
alpha_gpt1889,MLSADDKTNVKAAWGKVGGNAGEYGAEALERMFLSFPTTKTYFPHFDLSHGSAQVKGHGKKVGDALTNAVGHLDDLPGALSDLSDLHAHKLRVDPVNFKLLSHCLLVTLACHHPNDFTPAVHASLDKFFSSVSTVLTSKYR
alpha_gpt1903,MFSAADKTNVKAAWGKVGGHAAEYGAEALERMFLSFPTTKTYFPHFDLSHGSAQVKGHGKKVSDALTNAVGHVDDMPHALSALSDLHAHKLRVDPVNFKLLSHSLLVTLASHLPSDFTPAVHASLDKFFSSVSTVLTSKYR
alpha_gpt1919,MLSAADKATVHAAWEKVGGHGGEYGAEALERMFAAFPTTKTYFPHFDLSHGSAQVKGHGKKVADALGNAVAHMDDLPGALSKLSDLHAQKLRVDPVNFKLLGHCFLVTVGAHHKADFTPAVHASLDKFLASVSTVLTSKYR
alpha_gpt2006,MPLSPADKTNVKTAWGKVGEHAGEYGAEALERMFLSFPTTKTYFPHFDLSHGSAQVKGHGKKVADALTLAVGHVDDMPHALSALSDLHAHKLRVDPVNFKLLSHCLLVTLASHLPSDFTPAVHASLDKFLASVSTVLTSKYR
alpha_gpt2026,VLSAADKTNVKAAWDKVGGHAGEYGGEALERTFASFPTTKTYFPHFDLSPGSAQVKAHGKKVADALTLAVGHLDDLPGALSNLSDLHAHKLRVDPVNFKLLSHCLLVTLACHLPNDFTPAVHASLDKFLANVSTVLTSKYR
alpha_gpt2145,MSEAEKTLIAGAWAKVGDHAGEHGAEALERMFLSFPTTKTYFPHFDLSPGSAQVKGHGAKVAAALTKAVGHLDDLPGALSELSDLHAHKLRVDPVNFKLLSHSLLVTLASHLPSDFTPAVHASLDKFFAAVSTVLTSKYR
alpha_gpt2169,SEAQKQNVKATWDKIGGHAGEYGGEALERTFASFPTTKTYFPHFDLSHGSAQVKAHGAKVADALTNAVAHLDDLPGALSKLSDLHAQKLRVDPVNFKLLSQCLTVVLAVHLGKDFTPAVHASLDKFFSAVSTVLTSKYR
alpha_gpt2170,MVLSAADKTNVKAAWGKIGGHAGEYGAEALERMFLSFPTTKTYFPHFDLSHGSAQVKGHGAKVAAALTKAVDHLDDLPGALSELSDLHAHKLRVDPVNFKLLSHSLLVTLAAHHPAEFTPAVHASLDKFLASVSTVLTSKYR
alpha_gpt2199,MVLSPADKSNVKTAWGKVGGHAGEYGAEALERMFLSFPTTKTYFPHFDLSHGSAQVKGHGAKVAAALTKAVGHLDDLPGALSELSDLHAHKLRVDPVNFKLLSHCLLVTVAAHHPNDFTPAVHASLDKFLASVSTVLTSKYR
alpha_gpt2200,ITAEEKAAVTAFWGKVGGHAGEFGAEALERMFLSFPTTKTYFPHFDLSHGSAQVKGHGQKVADALTNAVAHVDDMPNALSALSDLHAHKLRVDPVNFKLLSHCLLVTLAAHHPAEFTPAVHASLDKFFSAVSTVLTSKYR
alpha_gpt2226,MALEADDKAVIKATWDKIVGGAGEYGAEALERMFLSFPTTKTYFPHFDLSHGSAQVKGHGKKVGDALTLAVGHLDDLPGALSELSDLHAHKLRVDPVNFKLLSHCLLVTLASHLPNDFTPAVHASLDKFLSNVSTVLTSKYR
alpha_gpt2276,MGLSDADKTNVKASWDKVGGHAGEYGAEALERMFLSFPTTKTYFPHFDLSPGSAQVKAHGKKVADALTMAVGHLDDLPGALSALSDLHAHKLRVDPVNFKLLSHCLLVTLAAHHPKDFTPAVHASLDKFLASVSTVLTSKYR
alpha_gpt2302,MLTGAEKDNVKASWGKIGGHAGDYGGEALERTFASFPTTKTYFPHFDLSHGSAQVKGHGKKVADALTLAVGHLDDLPGALSELSDLHAYKLRVDPVNFKLLSHCLLVTLASHLPAEFTPSVHASLDKFLSSVSTVLTSKYR
alpha_gpt2303,MASEKEKAAIKATWEKVGGHAGTYGGEALERTFASFPTTKTYFPHFDLSHGSDQVSAHGKKVGDALTKAVGHLDDLPGALSELSDLHAHKLRVDPVNFKLLSHCLLVTLAAHLPNDFTPAVHASLDKFFASVSTVLTSKYR
alpha_gpt2314,MLSAADKGNVKAAWGKVGGHAAEYGAEALERMFLSFPTTKTYFPHFDLSHGSAQVKGHGAKVGDALGNAVAHMDDLPGALSKLSDLHAHKLRVDPVNFKLLSHCLLVTLACHHPAEFTPAVHASLDKFLASVSTVLTSKYR
alpha_gpt2315,MLTADDKSNVKAAWGKVGGHAGEYGAEALERMFLSFPTTKTYFPHFDLSHGSAQIKAHGKKVGDALTLAVGHVDDMPQALSALSDLHAYKLRVDPVNFKLLSHCLLVTLASHHPAQFTPPVHASLDKFFSSVSTVLTSKYR
alpha_gpt2344,ALLSPADKTNVKASFGKIGGHAEEYGAETLERMFIAFPTTKTYFPHFDLSHGSAQVKGHGKKVADALTLAVGHVDDMPNALSALSDLHAHKLRVDPVNFKLLSHCLLVTLAAHHPAEFTPAVHASLDKFLASVSTVLTSKYR
alpha_gpt2355,MLSAADKGNVKAAWGKVGEHAGEYGAEALERMFLGFPRSQTYFPHFDLSHGSAQVKAHGKKVADALTNAVAHMDDLPGALSTLSDLHAHKLRVDPVNFKLLSHCLLVTLAAHLPAEFTPSVHASLDKFLANVSTVLTSKYR
alpha_gpt2356,VPLSPAAKANIKATWDKVGTHAGEYGAEALERMFLSFPTTKTYFPHFDLSHGSAQVKGHGAKVAAALTKAVGHLDDLPGALSELSNLHAYNLRVDPVNFKFLSHCLLVTLALHHPAEFTPAVHASLDKFLASVSTVLTSKYR
alpha_gpt2369,MFTAEEKTLIYSSWSKVGEHAGEYGAEALERMFLSFPTTKTYFPHFDLSHGSAQVKGHGKKVADALTLAVGHLDDLPGALSDLSDLHAHKLRVDPVNFKLLSHCLLVTLACHHPAEFTPAVHASLDKFLASVSTVLTSKYR
alpha_gpt2401,MLLSDADKTNVKAAWGKIGGHAGEYGGEALERTFASFPTTKTYFPHFDLSHGSAQVKGHGKKVGDALTNAVGHLDDLPGALSNLSDLHAYKLRVDPVNFKLLSHCLLVTLACHHPAEFTPAVHASLDKFFSAVSTVLTSKYR
alpha_gpt2416,MLTAADKAAVRSLWGKIGSHAGEYGAEALERMFMTYPSTKTYFPHFDLSHGSAQVKGHGKKVADALTNAVGHLDDLPGALSELSDLHAHKLRVDPVNFKLLSHCLLVTVACHHPAEFTPAVHASLDKFLASVSTVLTSKYR
alpha_gpt2424,MVSADDKTNVKAAWDKVGGHAGEYGAEALERMFLSFPTTKTYFPHFDLSHGSAQVKGHGKKVADALGNAVAHMDDLPGALSKLSDLHAHKLRVDPVNFKLLSHSLLVTLAAHHPGDFTPAVHASLDKFFAAVSTVLTSKYR
alpha_gpt2512,MVLSAADKTNVKTAWGKVGGHAGEYGAEALERMFLSFPTTKTYFPHFDLSHGSAQVKGHGAKVAAALTKAVGHLDDLPGALSDLSDLHAHKLRVDPVNFKLLSHCLLVTLACHHPAEFTPAVHASLDKFLASVSTVLTSKYR
alpha_gpt2559,MLSEADKTHVKSIWGKIGGHAGEYGGEALERTFASFPTTKTYFPHFDLSHGSAQVKGHGKKVADALSNAVSHMDDLPGALSELSNLHAYKLRVDPVNFKLLSHCLLVTLAMHHPAEFTPAVHASLDKFFTAVSTVLTSKYR
alpha_gpt2601,MVLSSADKSNVKSVWSKVGTHAAEYGAEALERMFLSFPTTKTYFPHFDLSHGSAQVKGHGAKVAAALTLAVGHVDDMPHALSALSDLHAHKLRVDPVNFKLLSHCLLVTLAAHHPAEFTPAVHASLDKFLASVSTVLTSKYR
alpha_gpt2612,VNLTDAEKTNVKAIWGKVGGHAGDYGAEALERMFLSFPTTKTYFPHFDLSHGSNQVRAHGKKVADALTKAVGHLDDLPGALSELSDLHAHKLRVDPVNFKLLSHCLLVTLASHLPDDFTPAVHASLDKFLASVSTVLTSKYR
alpha_gpt2638,MYSAADKQHIKATWDKIGGHAGEYGGEALERLFLSFPTTKTYFPHFDLSHGSAQVKGHGKKVGDALTLAVSHLDDLPGALSELSDLHAHKLRVDPVNFKLLSHCLLVTLACHHPAEFTPAVHASLDKFLSSVSTVLTSKYR
alpha_gpt2653,MVLSPADKTNVKTAWGKIGGHAADYGGEALERTFASFPTTKTYFPHFDLSHGSAQVKGHGKKVADALTQAVTHMDDLPGTLSNLSDLHAHKLRVDPVNFKLLSHCLLVTLAAHLPADFTPAVHASLDKFLASVSTVLTSKYR
alpha_gpt2657,MVLSATDKSNIKAAWGKVGGHAGDYGAEALERMFLSFPTTKTYFPHFDLSHGSAQVKGHGGKVSDALTKAVGHLDDLPGALSELSDLHAHKLRVDPVNFKLLSHCLLVTLACHHPAEFTPAVHASLDKFLASVSTVLTSKYR
alpha_gpt2663,VLSAADKTNVKSAWGKVGGHAAEYGAEALERMFLSFPTTKTYFPHFDLSHGSAQVKGHGKKVGDALTLAVGHVDDMPHALSALSDLHAHKLRVDPVNFKLLSHCLLVTLACHHPAEFTPAVHASLDKFLSSVSTVLTSKYR
alpha_gpt2665,MVLSPADKTNVKTVWGKVGGHAGDYGAEALERMFLSFPTTKTYFPHFDLSHGSAQVKGHGKKVADALTLAVGHVDDMPNALSALSDLHAHKLRVDPVNFKLLSHCLLVTLAAHHPAEFTPALHASLDKFFSAVSTVLTSKYR
alpha_gpt2666,MVSAADKTNVKAAWDKVGGHAGEYGAEALERMFLSFPTTKTYFPHFDLSHGSAQVKGHGKKVADALGNAVAHMDDMPNALSALSDLHAHKLRVDPVNFKLLSHCLLVTLACHLPADFTPAVHASLDKFLSSVSTVLTSKYR
alpha_gpt2688,MLSSADKTNVKATWDKVGGHAGDYGGEALDRTFASFPTTKTYFPHFDLSHGSAQVKAHGAKVADALTLAVGHLDDLPGALSELSDLHAYKLRVDPVNFKLLSHCLLVTLACHHPAEFTPAVHSSLDKFLSSVSTVLTSKYR
alpha_gpt2721,SLSDGDKAAVKEIFSKLPEHAIDFGAEALERMFLGFPTTKTYFPHFDLSHGSAQVKGHGKKVADALTTAVAHIDDLPSALSTLSDLHAHKLRVDPVNFKLLSHCLLVTLAAHLPNDFTPAVHASLDKFLANVSTVLTSKYR
alpha_gpt2738,MLLSPADKTNIKTAWGKVGAHAGDYGAEALERMFLSFPTTKTYFPHFDLSHGSAQVKGHGAKVAAALTKAVGHLDDLPGALSELSNLHAYNLRVDPVNFKLLGHCFLVTLASHHPAEFTPAVHASLDKFLASVSTVLTSKYR
alpha_gpt2743,MVLSGADKTNIKAAWGKVGGHGGEYGAEALERMFLSFPTTKTYFPHFDLSHGSAQVKGHGAKVAAALTKAVGHLDDLPGALSDLSDLHAHKLRVDPVNFKLLSHCLLVTLACHAPAEFTPAVHASLDKFLASVSTVLTSKYR
alpha_gpt2744,VSLTNADKTNIKSSWSKVGGHAGEYGAEALERMFLSFPTTKTYFPHFDLSHGSAQVKGHGKKVADALTRAVSHVDDMPNALSALSDLHAHKLRVDPVNFKLLSHCLLVTLAAHLPSDFTPAVHASLDKFLASVSTVLTSKYR
alpha_gpt2759,MLSAADKGNVTAAWGKVGGHGGEYGAEALERMFLGFPTTKTYFPHFDLSHGSAQVQAHGKKVGDALTLAVGHLDDLPGALSDLSDLHAHKLRVDPVNFKLLSHCLLVTLACHHPAEFTPAVHASLDKFFSAVSTVLTSKYR
alpha_gpt2760,MLSAADKQNVKTAWGKVGGHAAEYGAEALERMFLSFPTTKTYFPHFDLSHGSAQVKGHGKKVAGALSLAVAHMDDLPAALSALSDLHAHKLRVDPVNFKLLSHCLLVTVACHHPSDFTPAVHASLDKFLASVSTVLTSKYR
alpha_gpt2828,MHLSPADKTNVKAAWDKVGGHAGEYGGEALERTFASFPTTKTYFPHFDLSPGSAQVKAHGKKVADALTKAVGHLDDLPGALSELSDLHAHKLRVDPVNFKLLSHCLLVTLASHHPAEFTPAVHASLDKFLASVSTVLTSKYR
alpha_gpt2846,MVLSPADKTNVKAAWDKVGGHAGEYGAEALERMFLSFPTTKTYFPHFDLSHGSDQVKGHGKKVGDALTLAVGHLDDLPGALSKLSDLHAHKLRVDPVNFKLLSHCLLVTLACHHPAEFTPAVHASLDKFLASVATVLTSKYR
alpha_gpt2895,MAFLSTQDKEHVKATWGKVGGHAGEYGAEALERMFLGFPTTKTYFPHFDLSHGSAQVKGHGAKVAGALTKAVGHLDDLPGALSELSDLHAHKLRVDPVNFKLLSHCLLVTLAAHLPNDFTPEVHASLDKFLASVSTVLTSKYR
alpha_gpt2908,MVLSPTDKTNVKASWGKVGGHAGDYGAEALERMFLSFPTTKTYFPHFDLSHGSAQVKGHGKKVADALTLAVGHVDDMPNALSALSDLHAHKLRVDPVNFKLLSHCLLVTLAAHHPAEFTPAVHASLDKFLANVSTVLTSKYR
alpha_gpt2954,MVLSDADKTNVKAAWGKVGGHAGDYGAEALERMFLSFPTTKTYFPHFDLSHGSAQVKGHGAKVAAALTKAVGHLDDLPGALSELSDLHAHKLRVDPVNFKLLSHSLLVTLACHHPAEFTPAVHASLDKFLANVSTVLTSKYR
alpha_gpt2960,LNAKDKAAVQASWGKVGAHAGEYGAEALERMFLSFPTTKTYFPHFDLSHGSAQVKGHGKKVADALTLAVGHVDDMPNALSALSDLHAHKLRVDPVNFKLLSHSLLVTLASHLPADFTPALQASFDKFLASVSTVLTSKYR
alpha_gpt2996,MVLSPADKTNVKAAWDKVGGHAGEYGAEALERMFLSFPTTKTYFPHFDLSHGSAQVKGHGAKVAAALTKAVGHLDDLPGALSELSNLHAYNLRVDPVNFKLLSQCFQVVLAVHLGKDFTPAVHASLDKFLASVSTVLTSKYR
alpha_gpt3006,MVLSPTDKTNVKAAWGKVGSHAGEYGAEALERMFLSFPTTKTYFPHFDLSHGSAQVKGHGAKVAAALTKAVAHVDDMPNALSALSDLHAHKLRVDPVNFKLLSHCLLVTLAAHLPSDFTPAVHASLDKFLASVSTVLTSKYR
alpha_gpt3030,MVLSPADKTNIKSTWAKVGGHAGDYGAEALERMFLSFPTTKTYFPHFDLSHGSAQVKGHGKKVADALTNAVAHVDDMPGALSTLSDLHAHKLRVDPVNFKLLSHCLLVTLAAHHPTEFTPAVHASLDKFLASVSTVLTSKYR
alpha_gpt3079,MVLSPADKSNVKSSWGKVGGHAGEYGAEALERMFLSFPTTKTYFPHFDLSHGSAQVKGHGAKVAAALTKAVGHLDDLPGALSELSDLHAYKLRVDPVNFKLLSHCLLVTLASHLPNDFTPAVHASLDKFLANVSTVLTSKYR
alpha_gpt3179,MLLSPADKTNVKTAWGKVGGHAGEYGAEALERMFLSFPTTKTYFPHFDLSHGSAQVKGHGKKVANALTNAVAHVDDMPNALSALSDLHAHKLRVDPVNFKLLSHCLLVTLAAHLPAEFTPAVHASLDKFLSSVSTVLTSKYR
alpha_gpt3181,VELAPAEKAAVKATWDGIKTHAGEYGGEALERTFASFPTTKTYFPHFDLSHGSAQVKGHGAKVAAALTKAVGHMDDLPGALSELSDLHAHKLRVDPVNFKLLSHCLLVTLASHLPNDFTPAVHASLDKFLASVSTVLTSKYR
alpha_gpt3199,MVLSAADKSNVKAAWDKVGGHAGAYGGEALDRTFASFPTTKTYFPHFDLSPGSDQVKAHGKKVADALTNAVSHVDDMPNALSALSDLHAHKLRVDPVNFKLLSHCLLVTLAAHHPDDFTPAVHASLDKFFNTVSTVLTSKYR
alpha_gpt3310,VGLSHADKDHVKSTWEKVGGHAAEYGAEALERMFLSFPTTKTYFPHFDLSPGSAQVKGHGKKVADALTTAVAHVDDMPSALSTLSDLHAHKLRVDPVNFKLLSHCLLVTLAAHLPNDFTPAVHASLDKFLANVSTVLTSKYR
alpha_gpt3317,MALSPADKTHVKATWDKVGGHAGEYGGEALERTFASFPTTKTYFPHFDLSHGSAQVKAHGAKVGDALTRAVAHVDDLPGALSELSDLHAHKLRVDPVNFKLLSHSLLVTLACHHPTEFTPAVHASLDKFLANVSTVLTSKYR
alpha_gpt3321,MALSGADKTNVKAAWQKVGGHAGDYGAEALERMFLSFPTTKTYFPHFDLSHGSAQVKGHGKKVADALTLAVGHVDDMPNALSALSDLHAHKLRVDPVNFKLLSHCLLVTLACHHPAEFTPAVHASLDKFLANVSTVLTSKYR
alpha_gpt3348,MVSAEAKGSIKATWDALGGHAGDYGAEALERMFLGFPTTKTYFPHFDLSHGSAQVKGHGEKVAAALTKAVGHLDDLPGALSELSDLHAHKLRVDPVNFKLLSHCLLSTLAVHLPNDFTPVVHASLDKFLASVSTVLTSKYR
alpha_gpt3364,MGLSATEKQTVSSLWSKVGGHAADYGAEALERMFLSFPTTKTYFPHFDLSHGSAQVKGHGDKVAGALTLAVGHVDDMPHALSALSDLHAHKLRVDPVNFKLLSHCLLVTLAAHLPADFTPAVHASLDKFLASVSTVLTSKYR
alpha_gpt3407,MLHANDITTIRSIWPKITPHAGDYGAEALERMFLSFPTTKTYFPHFDLSHGSAQVKGHGKKVADALTNAVGHLDDLPSALSELSNLHAYNLRVDPVNFKFLSHCLLVTLASHHPAEFTPAVHASLDKFFSAVSTVLTSKYR
alpha_gpt3413,MLSPADKTNVKAAWDKIGGHAGEYGGEALERTFASFPTTKTYFPHFDLSHGSAQVKAHGKKVADALTLAVGHLDDLPGALSSLSDLHAHKLRVDPVNFKLLSHCLLVTLASHHPAEFTPAVHASLDKFLSNVSTVLTSKYR
alpha_gpt3427,MGLTEADKTNVKAAWGKVGGNAGAYGAEALERMFLSFPTTKTYFPHFDLSHGSAQVKAHGKKVAGALSAAVTHLDDLPGTLSELSDLHAHKLRVDPVNFKLLSHCLLVTLASHLPAEFTPAVHASLDKFLASVSTVLTSKYR
alpha_gpt3467,MLLSDADKSNVKAAWEKIKSNAGDYGAEALERMFLSFPTTKTYFPHFDLSHGSAQVQAHGKKVGDALTQAVGHLDDLPGALSDLSDLHAHKLRVDPVNFKLLSHCLLVTLASHLPSDFTAAVHASLDKFLANVSTVLTSKYR
alpha_gpt3471,MGLSDADKTNVKAAWGKVGGHAGDYGAEALERMFLSFPTTKTYFPHFDLSHGSAQVKGHGKKVADALTTAVGHLDDLPGALSELSNLHAYNLRVDPVNFKFLSHCLLVTLASHHPAEFTPAVHASLDKFLSSVSTVLTSKYR
alpha_gpt3475,VFLSPADKTNVKNAWGKVGGHAGEYGAEALERMFLSFPTTKTYFPHFDLSHGSAQVKGHGAKVAAALTKAVGHLDDLPGALSELSDLHAHKLRVDPVNFKLLSHCLLVTLACHLPNEFTPAVHASLDKFLASVSTVLTSKYR
alpha_gpt3490,MALSAADKGNVQAAWGKVGGHAGDYGAEALERMFLSFPTTKTYFPHFDLSHGSAQVKGHGAKVAAALTKAVGHLDDLPGALSELSDLHAHKLRVDPVNFKLLSHCLLVTVAAHLPNDFTPAVHASLDKFLASVSTVLTSKYR
alpha_gpt3491,MVLLSPADKTNVKTSWAKVGGSAGDYGAEALERMFLSFPTTKTYFPHFDLSHGSAQVKGHGKKVADALTTAVAHVDDMPGALSKLSDLHAQKLRVDPVNFKFLSHCLLVTLASHHPAXFSPEVHASLDKFFSAVSTVLTSKYR
alpha_gpt3525,MSTGDFEKVKASWEKVGGNAADYGAEALERMFLSFPTTKTYFPHFDLSHGSAQVKGHGAKVAAALTKAVGHLDDLPGALSELSDLHAYKLRVDPVNFKLLSHCLLVTLACHHPAEFTPAVHASLDKFLASVSTVLTSKYR
alpha_gpt3531,MALSAADKSNVKAAWGKVGGHAGEYGAEALERMFLSFPTTKTYFPHFDLSHGSAQVKGHGAKVAAALTKAVGHLDDLPGALSELSDLHAHKLRVDPVNFKLLSHSLLVTLASHLPGDFTAAVHASLDKFLANVSTVLTSKYR
alpha_gpt3557,CLTAEEKSIVSGIWEKVGGHANEYGAEALERMFLSFPTTKTYFPHFDLSHGSAQVKGHGKKVAEALGNAVAHMDDLPGALSTLSDLHAYKLRVDPVNFKLLSHCLLVTLACHHPAEFTPAVHASLDKFLANVSTVLTSKYR
alpha_gpt3562,MVLTAKDKDHVKATWDKIGGHAGEYGGEALERTFASFPTTKTYFPHFDLSHGSAQVKGHGAKVAAALTNAVAHVDDMPNALSALSDLHAHKLRVDPVNFKLLSHCLLVTLAAHHPAEFTPAVHASLDKFFSAVSTVLTSKYR
alpha_gpt3569,HLLTEDEKAHIKGLWGKVGSHAAEYGAEALERMFLSFPTTKTYFPHFDLSHGSAQVKGHGAKVAAALTKAVDHLDDLPGALSELSDLHAHKLRVDPVNFKLLSHCLLVTLASHHPAEFTPAVHASLDKFLASVSTVLTSKYR
alpha_gpt3582,MVLSAADKTNIKATWDKVGAHAGDYGAEALERMFLGFPTTKTYFPHFDLSHGSAQVKGHGKKVADALTNAVAHVDDMPSALSKLSDLHAHKLRVDPVNFKLLSHCLLVTLAAHHPDDFTPAVHASLDKFLASVSTVLTSKYR
alpha_gpt3599,MLTADDKAAIKGLWGKVGGHADEYGAEALERMFLSFPTTKTYFPHFDLSHGSAQVKGHGKKVGDALTLAVGHVDDMPHALSALSDLHAHKLRVDPVNFKLLSHSLLVTLASHLPSDFTPAVHASLDKFLANVSTVLTSKYR
alpha_gpt3608,MVLSTADKTNVKAAWDKVGGHAGEYGAEALERMFLSFPTTKTYFPHFDLSHGSAQVKAHGKKVGDALTKAVGHLDDLPNALSELSDLHAHKLRVDPVNFKLLSHCLLVTLAAHHPAEFTPAVHASLDKFLASVSTVLTSKYR
alpha_gpt3647,MLSAADKTNVKAAWDKIGGNAGAYGAEALERMFLSFPTTKTYFPHFDLSHGSAQVKGHGKKVADALTLAVGHLDDLPGALSNLSDLHAHKLRVDPVNFKLLSHCLLVTLACHLPTEFTPAVHASLDKFLASVSTVLTSKYR
alpha_gpt3651,MLLSPADKTNVKTAWGKVGGHAGEYGAEALERMFLSFPTTKTYFPHFDLSHGSAQVKGHGKKVADALTKAVGHLDDLPGALSELSDLHAHKLRVDPVNFKLLSHCLLVTLACHHPSEFTPAVHASLDKFLASVSTVLTSKYR
alpha_gpt3656,MVLNDAQKKEVKATWDKIGGHAGEYGGEALERTFASFPTTKTYFPHFDLSHGSAQVKGHGAKVAAALTKAVGHLDDLPGALSELSDLHAHKLRVDPVNFKLLSHSLLVTLASHLPNDFTPAVHASLDKFLANVSTVLTSKYR
alpha_gpt3763,MVLSPADKTNVKAAWDKIGGHAGEYGGEALERTFASFPTTKTYFPHFDLSHGSAQVKGHGKKVADALTKAVGHLDDLPGALSELSNLHAYNLRVDPVNFKFLCHCLLVTLASHHPQDFTPAVHASLDKFLASVSTVLTSKYR
alpha_gpt3807,MALSPADKTNVKAAWGKVGGHAGEYGAEALERMFLSFPTTKTYFPHFDLSHGSAQVKGHGAKVAAALTKAVGHLDDLPGALSELSDLHAHKLRVDPVNFKLLSHCLLSTLAVHLPNDFTPAVHASLDKFLANVSTVLTSKYR
alpha_gpt3829,MTLSAADKSHVTATWGKVGGHGGEYGAEALERVLTSFPTTKTYFPHFDLSHGSAQVKGHGAKVAAALTKAVGHLDDLPGALSDLSDLHAHKLRVDPVNFKLLSHCLLVTLAAHLPNDFTPAVHASLDKFLSNVSTVLTSKYR
alpha_gpt3834,MTLSPADKTNVKAAWGKVGGHAGEYGAEALERMFLSFPTTKTYFPHFDLSHGSAQVKGHGAKVAAALTKAVGHLDDLPGALSELSDLHAHKLRVDPVNFKLLSHSLLVTLASHLPNDFTPAVHASLDKFLANVSTVLTSKYR
alpha_gpt3912,MLLSDADKSNVKAAWGKVGGHGGEYGAEALERMFLSFPTTKTYFPHFDLSHGSAQVKGHGKKVADALTTAVAHVDDMPNALSALSDLHAHKLRVDPVNFKLLSHCLLVTLAAHHPAEFTPAVHASLDKFLASVSTVLTSKYR
alpha_gpt3929,MVHLSPEDKSHVSALWGKVGTHAAEYGAEALERMFLSFPTTKTYFPHFDLSHGSAQVKGHGKKVADALTSAVGHIDDLPGALSDLSDLHAYKLRVDPVNFKLLSHCLLVTLALHHPAEFTPAVHASLDKFLSSVSTVLTSKYR
alpha_gpt3958,MVLSPADKTNVKAAWGKVGGHAGDYGAEALERMFLSFPTTKTYFPHFDLSHGSAQVKGHGKKVADALTLAVGHVDDMPHALSALSDLHAHKLRVDPVNFKLLSHCLLVTLASHHPAEFTPAVHASLDKFLANVSTVLTSKYR
alpha_gpt3964,MVLSPADKTNVKTAWGKVGAHAGDYGAEALERMFLSFPTTKTYFPHFDLSHGSAQVKGHGAKVAAALTKAVGHLDDLPGALSELSDLHAHKLRVDPVNFKLLSHCLLVTLACHHPADFTPAVHASLDKFLANVSTVLTSKYR
alpha_gpt3973,MVLSPADKTNVKTTWDKVGGHGGKYGGEALERTFASFPTTKTYFPHFDLSHGSAQVKGHGKKVGDALTLAVGHLDDLPGALSKLSDLHAHKLRVDPVNFKLLSHCLLVTLAAHHPDDFTPAVHASLDKFLANVSTVLTSKYR
alpha_gpt4023,MMLNDADKSNVKAAWGKVGGHAGEYGAEALERMFLSFPTTKTYFPHFDLSHGSAQVKGHGAKVAAALTKAVGHLDDLPGALSELSDLHAHKLRVDPVNFKLLSHCLLVTLACHHPAEFTPAVHASLDKFLASVSTVLTSKYR
alpha_gpt4046,TGFSSADKNAVKTAWGKVGGHAGEYGGEALERTFASFPTTKTYFPHFDLSHGSAQVKGHGKKVADALTKAVGHLDDLPGALSELSDLHAHKLRVDPVNFKLLSHCLLVTLASHHPAEFTPAVHASLDKFLASVSTVLTSKYR
alpha_gpt4093,MALSNADKTNVKAAWGKVGGHAGDYGAEALERMFLSFPTTKTYFPHFDLSHGSAQVKGHGAKVAAALTKAVGHLDDLPGALSELSDLHAHKLRVDPVNFKLLSHCLLVTLAAHLPNDFTPAVHASLDKFLANVSTVLTSKYR
alpha_gpt4150,PVLTPENKAAIKSAWDKVGSHAGEYGGEALERTFASFPTTKTYFPHFDLSPGSAQVKAHGKKVGDALTLAVSHLDDLPGALSGLSDLHAHKLRVDPVNFKLLSHCLLVTLATHHPAEFTPAVHASLDKFLASVSTVLTSKYR
alpha_gpt4160,VGLSDADKNNVKAAWGKVGGHAGEYGAEALERMFLGFPTTKTYFPHFDLSHGSAQIKAHGKKVADALTLAAGHLDDLPGALSDLSDLHAHKLRVDPVNFKLLSHCLLVTLAAHHPAEFTPAVHASLDKFLASVSTVLTSKYR
alpha_gpt4162,LLSADEKAGVAAIWGKVGGHADDYGAEALERMFLGFPTTKTYFPHFDLSHGSAQVKGHGAKVADALTLAVGHLDDLPGALSSLSDLHAHKLRVDPVNFKLLSHCLLVTLASHLPGDFTACVHASLDKFLASVSTVLTSKYR
alpha_gpt4170,VLTEEDKAKVKATWDKVGGSAGEYGAEALERMFLSFPTTKTYFPHFDLSHGSAQVKGHGKKVADALGNAVAHMDDLPGALSNLSDLHAHKLRVDPVNFKLLSHCLLVTLAAHLPADFTPAVHASLDKFLASVSTVLTSKYR
alpha_gpt4179,MAMSDADKTNVKAAWDKVGGNAGDYGAEALERMFLSFPTTKTYFPHFDLSHGSAQVKGHGLKVGDALTLAASHVDDMPSALSTLSDLHAHKLRVDPVNFKLLSHCLLVTLASHLPGDFTPAVHASLDKFLSSVSTVLTSKYR
alpha_gpt4241,MVVLSSADKTNVKAAWGKVGGHAGEYGGEALERTFASFPTTKTYFPHFDLSHGSAQVKAHGKKVGDALTLAVGHLDDLPGALSDLSDLHAYKLRVDPVNFKLLSHCLLVTLAAHLPNDFTPAVHASLDKFLANVSTVLTSKYR
alpha_gpt4259,MADLSPADKSNVKAAWDKVGGNAGEYGAEALERMFLSFPTTKTYFPHFDLSHGSAQVKGHGKKVGDALTLAVGHLDDLPGALSELSDLHAHKLRVDPVNFKLLSHCLLGTLAVHLPNDFAPAVQASLDKFFSSVSTVLTSKYR
alpha_gpt4275,MVLSPADKTNVKTAWEKIGGNAGAYGGEALERTFASFPTTKTYFPHFDLSHGSAQVKGHGAKVAAALTKAVGHLDDLPGALSELSDLHAHKLRVDPVNFKLLSHCLLATLASHLPNDFTPAVHASLDKFLANVSTVLTSKYR
alpha_gpt4340,GTSLSDADKSNVKAAWGKVGGHAGEYGAEALERMFLSFPTTKTYFPHFDLSHGSSQVKGHGKKVGDALTLAVGHMDDLPGALSNLSDLHAHKLRVDPVNFKLLSHCLLVTLAAHHPADFTPAVHASLDKFLASVSTVLTSKYR
alpha_gpt4399,MLSAQDKSNVKAAWGKVGGHADDYGAEALERMFLGFPTTKTYFPHFDLSHGSAQVKGHGKKVGDALTQAVGHLDDLPGALSDLSDLHAHKLRVDPVNFKLLSHSLLVTLACHHPAEFTPAVHASLDKFFANVSTVLTSKYR
alpha_gpt4414,MGLSPADKTNVKAAWGKVGGHAQEYGAEALERMFLSFPTTKTYFPHFDLSHGSAQVKGHGAKVAAALTKAVGHLDDLPGALSELSDLHAHKLRVDPVNFKLLSHSLLVTLASHLPPDFTAAVHASLDKFLASVSTVLTSKYR
alpha_gpt4437,FRRLSAAEKTQIKALWGKVGGHAGEYGAEALERMFLSFPTTKTYFPHFDLSHGSAQVKGHGKKVGDALTLAVGHLDDLPGALSDLSDLHAHKLRVDPVNFKLLSHCLLVTLAAHHPADFTPAVHSALDKFLGAVSAVLTAKYR
alpha_gpt4458,MVLSPADKTNVKAAWGKVGGHAGDYGAEALERMFLSFPTTKTYFPHFDLSHGSAQVKGHGAKVAAALTKAVGHLDDLPGALSELSDLHAHKLRVDPVNFKLLSHSLLVTLASHLPNDFTPAVHASLDKFLASVSTVLTSKYR
alpha_gpt4479,MSEADKTNVKNAWDSVGGHAGEYGGEALEKAFKSFPTTKTYFPHFDLSHGSAQVKAHGKKVADALTTAVGHLDDLPGALSTLSDLHAHKLRVDPVNFKLLSHCLLVTLASHLPAEFTPAVHASLDKFFSSVSTVLTSKYR
alpha_gpt4496,MLLSDADKTNVKAAWDKVGGHGGEYGAEALERMFLSFPTTKTYFPHFDLSHGSAQVKGHGAKVAAALTKAVDHLDDLPGALSELSDLHAHKLRVDPVNFKLLSHCLLVTLAAHHPAEFTPAVHASLDKFLASVSTVLTSKYR
alpha_gpt4516,MGLTAKEKATVQASWGKVGGHGGEYGAEALERMFLSFPTTKTYFPHFDLSHGSAQVKGHGDKVADALTNAVAHVDDMPNALSALSDLHAHKLRVDPVNFKLLSHCLLVTLAAHLPAEFTPAVHASLDKFLASVSTVLTSKYR
alpha_gpt4601,MVLNETQKNDIKAAWGKVGGHAGEYGAEALERMFLSFPTTKTYFPHFDLSHGSAQVKGHGKKVADALTNAVNHLDDVAGALSNLSDLHAHKLRVDPVNFKLLSHCLLVTLACHHPAEFTPAVHASLDKFLASVSTVLTSKYR
alpha_gpt4649,QVLSPADKTNVKAAWGKVGGHAGEYGAEALERMFLSFPTTKTYFPHFDLSHGSAQVKGHGAKVAAALTKAVGHLDDLPGALSDLSDLHAHKLRVDPVNFKLLSHCLLVTLACHHPAEFTPAVHASLDKFLASVSTVLTSKYR
alpha_gpt4650,MGLSNADKTNVKAAWGKVGGHAGEYGAEALERMFLSFPTTKTYFPHFDLSHGSAQVQAHGKKVADALTLAVGHIDDMPQALSALSDLHAHKLRVDPVNFKLLSHCLLVTLASHLPNDFTPAVHASLDKFLSSVSTVLTSKYR
alpha_gpt4697,CLLSDVDKTNVKAAWAKVGSHGSAYGAEALERMFLSFPTTKTYFPHFDLSHGSDQVAAHGKKVADALTKAVAHVDDMPNALSALSDLHAHKLRVDPVNFKLLSHCLLVTLASHTPDTLTPAVHASLDKFLASVSTVLTSKYR
alpha_gpt4699,MVLSPADKTNVKAAWAKVGGHAGDYGAEALERMFLSFPTTKTYFPHFDLSHGSAQVKGHGAKVAAALTQAVGHLDDLPGALSELSNLHAYNLRVDPVNFKLLSQCILVTLACHHPQDFTPAVHASLDKFFSAVSTVLTSKYR
alpha_gpt4728,MSLSPADKTNVKTGWAKLGSHAGQYGAEALERMFLSFPTTKTYFPHFDLSHGSAQVKGHGAKVAAALTKAVGHLDDLPGALSELSDLHAHKLRVDPVNFKLLSHCLLVTLACHHPAEFTPAVHASLDKFLASVSTVLTSKYR
alpha_gpt4741,MALGPDDKNTVKAAWGKVAAHAGEYGAEALERMFLSFPTTKTYFPHFDLSHGSAQVKGHGRKVANALTLAVGHVDDMPHALSALSDLHAHKLRVDPVNFKLLSHCLLVTLASHHPAEFTPAVHASLDKFLASVSTVLTSKYR
alpha_gpt4748,MLASDEKSGIEATFSKIASHADEFGAEALERMFLSFPTTKTYFPHFDLSHGSAQVKGHGKKVADALTLAVGHLDDLPSALSSLSDLHAHKLRVDPVNFKLLSHCLLVTLAAHLPAEFTPAVHASLDKFLASVSTVLTSKYR
alpha_gpt4751,MALSDADKTNVKAAWGKVGGHAAEYGAEALERMFLSFPTTKTYFPHFDLSHGSAQVKGHGAKVAAALTKAVGHLDDLPGALSELSDLHAHKLRVDPVNFKLLSHCLLVTLAAHHPADFTPAVHASLDKFLASVSTVLTSKYR
alpha_gpt4755,MVLSAADKSNVKAAWSKVGGHAGEYGAEALERMFLSFPTTKTYFPHFDLSHGSSQVKAHGKKVGDAVTSAVGHIDDLPGALSKLSDLHAHKLRVDPVNFKLLSHCLLVTLACHHPAEFTPAVHASLDKFLASVSTVLTSKYR
alpha_gpt4781,MALSPADKTNVKAAFSKVGGHAGEYGAEALERMFLSFPTTKTYFPHFDLSHGSAQVKGHGKKVADALTLAVNHVDDMPNALSALSDLHAHKLRVDPVNFKLLSHCLLVTVAAHHPADFTPAVHASLDKFLANVSTVLTSKYR
alpha_gpt4811,MALTPEEKAVVAQAWGKVGGHADEFGAEALERMFLSFPTTKTYFPHFDLSHGSAQVKGHGKKVADALTRAVGHLDDLPGALSDLSDLHAHKLRVDPVNFKLLSHCLLVTLASHLPNDFTPAVHASLDKFLANVSTVLTSKYR
alpha_gpt4818,MVLSPADKTNVKAAWGKVGGHAGDYGAEALERMFLSFPTTKTYFPHFDLSHGSAQVKGHGAKVAAALTKAVGHLDDLPGALSDLSDLHAHKLRVDPVNFKLLSHCLLVTLACHHPAEFTPAVHASLDKFLANVSTVLTSKYR
alpha_gpt4824,MALSAADKGNVQAAWGKVGGHAGEYGAEALERMFLSFPTTKTYFPHFDLSHGSAQVKGHGAKVAAALTKAVGHLDDLPGALSELSDLHAHKLRVDPVNFKLLSHCLLVTLAAHLPNDFTPAVHASLDKFLANVSTVLTSKYR
alpha_gpt4830,MLLSPADKTNVKAAWGKVGGHAGEYGGEALERTFASFPTTKTYFPHFDLSHGSAQVKAHGKKVGDALTLAVGHLDDLPGALSTLSDLHAHKLRVDPVNFKLLSHCLLVTLASHHPSDFTPAVHASLDKFLASVSTVLTSKYR
alpha_gpt4834,MVFSAADKGNIQAAWGKVGSHAAEYGAEALERMFLSFPTTKTYFPHFDLSHGSAQVKGHGAKVAAALTKAVGHLDDLPGALSELSNLHAYNLRVDPVNFKFLSHCLLVTLAAHLPQDFTPAVHASLDKFLASVSTVLTSKYR
alpha_gpt4854,VVLTPEQEAKVKASWDKIGGHAGEYGAEALERMFLSFPTTKTYFPHFDLSHGSAQVKGHGKKVADALTLAVGHVDDMPNALSALSDLHAHKLRVDPVNFKLLSHCLLVTLAAHLPSDFTAAVHASLDKFFSAVSTVLTSKYR
alpha_gpt4889,MVALSAADKSNVKAAWGKVGGHAGDYGAEALERMFLSFPTTKTYFPHFDLSHGSAQVKGHGQKVSDALGNAVAHMDDLPGTLSKLSDLHAHKLRVDPVNFKLLSHCLLVTLACHHPAEFTPAVHASLDKFLSNVSTVLTSKYR
alpha_gpt4897,MLSATDKTNVKAAWGKIGGNGESYGAEALERMFLSFPTTKTYFPHFDLSHGSAQVKGHGAKVADALTLAVGHVDDMPNALSALSDLHAHKLRVDPVNFKLLSHCLLVTLASHLPSDFTPAVHASLDKFLANVSTVLTSRYR
alpha_gpt4942,MLLSEADKTNVQAAWGKVGGHAGDYGAEALERMFLSFPTTKTYFPHFDLSHGSAQVKGHGAKVAAALTKAVGHLDDLPGALSELSDLHAHKLRVDPVNFKLLSHCLLVTLACHHPNDFTPAVHASLDKFLANVSTVLTSKYR
alpha_gpt4968,MLSAADKSNVKAAWEKVKGSAGDYGGEALERTFASFPTTKTYFPHFDLSHGSAQVQAHGKKVADALTNAVAHVDDLPGALSKLSDLHAHKLRVDPVNFKLLSHCLLVTLAAHLPSDFTPAVHASLDKFLASVSTVLTSKYR
alpha_gpt4989,VVLTAEEKTAVNTAWGKVGAHADEYGAEALERMFLSFPTTKTYFPHFDLSHGSAQVKGHGKKVADALTRAVGHLEDLPGALSELSDLHAHKLRVDPVNFKLLSHCLLVTLAAHLPNDFTPAVHASLDKFLASVSTVLTSKYR
beta_gpt128,MVHFTAEEKAAITSLWGKVNVDEVGGEALGRLLVVYPWTQRFFDSFGDLSTPDAVMGNPKVKAHGKKVLTSFGDAVKNLDNLKGTFAELSELHCDKLHVDPENFRLLGDILIIVLAAHFTKDFTPPVQAAWQKVVAGVANALAHKYH
beta_gpt388,MLTPAERNHVSAIWGKIDVDEAGGETLGRLLVVYPWTQRFFDSFGNLSSPTAIMGNPKVKAHGTKVLNSFSDAVKNLDDLKGTFSQLSELHCDKLHVDPENFKLLGNVLVVVLAHHFGKEFTPQVQAAYQKVVAGVANALAHKYH
beta_gpt401,MVFTAEEKSLICSLWGKVNVEEVGGEALGRLLVVYPWTQRFFDSFGDLSSADAIMSNAKVKAHGKKVLTSFSEGLKNLDNLKGTFATLSELHCDKLHVDPENFKLLGNVLVCVLAHHFGKEFTPQVQAAYQKVVAGVANALAHKYH
beta_gpt1062,MGHFTEEDKATISSLWSKVNVDEVGGEALGRLLVVYPWTQRFFDSFGDLSSPSAVMGNPMVKAHGKKVLTSFGDAIKNMDNLKGTFAKLSELHCDKLHVDPENFKLLGNVLVCVLAHHFGKEFTPEVQAAWQKLVSAVAIALAHKYH
beta_gpt1299,MAYTNEEKQAVNTLWAKVNVEEVGGEALGRLLVVYPWTQRFFDSFGDLSSPDAVMGNPKVKAHGRKVLNSFSEGLKNIDDLKGTFAKLSELHCDKLHVDPENFRLLGNVLVTVLAIHFGNEFTPQVQAAYQKVVAGVATALAHKYH
beta_gpt1453,MLLTADDKAAITSLWGKVTVDEAGGETLGRLLVVYPWTQRFFDSFGNLSSASAIMGNPKVRAHGKKVLTSFGDAVKNLDNLKGTFAQLSELHCDKLHVDPENFKLLGNVLVCVLAHHFGKEFTPQVQAAYQKVVAGVANALAHKYH
beta_gpt1707,MFSAEEKAAVCALWGKVNVDEVGGEALGRLLVVYPWTQRFFDSFGDLSSASAVMSNPKVXAHGKKVLTSFGDAIKNMDNLKTTFAKLSELHCDKLHVDPENFKLLGNVLVVVLARHFGKEFTPECQAAWQKLVSAVAIALAHKYH
beta_gpt1773,MIFTAQDKATITALWGKVNVEEVGGETLGRLLVVYPWTQRFFDSFGELATPSAIMGNPKVKAHGKKVLNSFSDAVTHMDDLKGTFAQLSELHCDKLHVDPENFKLLGNVLVVVLAHHFGKEFTPQVQAAYQKVVAGVANALAHKYH
beta_gpt1869,MVYTSQEKAAISAIWGKVEVADVGGEALGRLLVVYPWTQRFFDNFGDLSSADAVMGNAKVKAHGKKVLDSFSEGLKNLDNLKGTFAKLSELHCDKLHVDPENFKLLGNVLVCVLAHHFGKEFTPQVQAAYQKVVAGVANALAHKYH
beta_gpt2241,SHEDKAAIKALWAKVNVDEVGGEALGRLLVVYPWTQRFFDSFGDLSSPSAVMGNPKVAAHGKKVLSSFGDAIKNMDDLKGTFAELSELHCDKLHVDPENFRLLGNVLVCVLAHHFGKEFTPQVQAAYQKVVAGVASALAHKYH
beta_gpt2364,VSLTPDEKAAVTAIWAKVDVDEAGGETLGRLLVVYPWTQRFFDSFGNLSSASAIMGNPKVKAHGKKVLNSFGEAVKNLDNLKGTFAKLSELHCDKLHVDPENFKLLGNVLVVVLARHFGKEFTPQVQAAYQKVVAGVANALAHKYH
beta_gpt2582,MHFTAEEKAAVTALWGKVNVADTGGEALGRLLVVYPWTQRFFESFGDLSSPDAVMGNPKVKAHGKKVLGAFSDGLAHLDNLKGTFAQLSELHCDKLHVDPENFRLLGNVLVCVLAHHFGKEFTPQVQAAYQKVVAGVANALAHKYH
beta_gpt2712,MPLSADEKKTVQSLWGKVNVEDAGGETLGRLLVVYPWTQRFFDSFGNLSSPTAIMGNPKVRAHGKKVLTSLGEAIKNLDDLKGTFAQLSELHCDKLHVDPENFRLLGNVLVCVLAHHFGHEFTPQVQAAYQKVVAGVATALAHKYH
beta_gpt2853,MGLFSAEDKATITSMWGKVNVEDAGGETLGRLLVVYPWTQRFFASFGNLSSPAAILGNPKVKAHGEKVLNSFGEAVKNLDNLKGTFAKLSELHCDKLHVDPENFKLLGNVLVCVLAHHFGKEFTPEVQAAWQKVVAGVANALAHKYH
beta_gpt3146,MTLTGEEKSLVTGLWGKVNVDEVGGEALGRLLVVYPWTQRFFDSFGDLSSASAIMSNAKVKAHGKKVLDSFSEGLKNLDNLKGTFAKLSELHCDKLHVDPENFKLLGNVLVCVLAHHFGKEFTPQVQAAYQKVVAGVANALAHKYH
beta_gpt3301,MVHFTAEEKAAITSLWAKVNVEEAGGETLGRLLVVYPWTQRFFDSFGNLSSASAIMGNPKVKAHGKKVLNSFSEGLKNLDNLKGTFAQLSELHCDKLHVDPENFKLLGNVLVCVLAHHFGKEFTPQVQAAYQKVVAGVANALAHKYH
beta_gpt3783,MAFSSEEKAAVTGLWGKVNVDEVGGEALGRLLVVYPWTQRFFDSFGDLSSPDAVMGNPKVKAHGKKVLNSFSDGLKNLDNLKGTFAQLSELHCDKLHVDPENFRLLGNVLVCVLAHHFGKEFTPQVQAAYQKVVAGVANALAHKYH
beta_gpt3917,MAVFTADDRAALTEIWGKVKVEDAGGETLGRLLIVYPWTQRFFDSFGNLSSPTAILGNPKVKAHGKKVLTSFGEAVKNLDNLKGTFAKLSELHCDKLHVDPENFKLLGNVLVCVLAHHFGKEFTPQVQAAYQKVVAGVANALAHKYH
beta_gpt4172,MLSKEEKAAISGLWGKVNVDEVGGETLGRLLVVYPWTQRFFDSFGNLSSPSAVMGNPKVKAHGKKVLNSFGDAVKNLDNLKGTFAKLSELHCDKLHVDPENFKLLGNVLVCVLAHHFGKEFTPQVQAAYQKVVAGVANALAHKYH
beta_gpt4186,MELTAEEKNLVAGLWGKVNVEDAGGETLGRLLVVYPWTQRFFDSFGNLSSPTAIMGNPKVRAHGKKVLTSFGDAIKNMDDLKGTFAQLSELHCDKLHVDPENFRLLGNVLVTVLAIHFGKEFTPQLQAAYQKVVAGVATALAHKYH
beta_gpt4200,MLTKSDKDHILSLWGKVDVEDAGGETLGRLLVVYPWTQRFFDSFGNMSSPSAIMGNPKVRAHGKKVLNSFSDGLKNLDNLKGTFAKLSELHCDKLHVDPENFKLLGNVLVCVLAHHFGKEFTPQVQAAYQKVVAGVANALAHKYH
myo1,MGLSDGEWQLVLNVWGKVEADIPGHGQEVLIRLFKGHPETLEKFDKFKHLKSEDEMKASEDLKKHGATVLTALGGILKKKGHHEAEIKPLAQSHATKHKIPVKYLEFISECIIQVLQSKHPGDFGADAQGAMNKALELFRKDMASNYKELGFQG
myo2,MGLSDGEWQLVLNVWGKVEADVPSHGQEVLISLFKGHPETLEKFDKFKHLKSEDEMKASEELKKHGVTVLTALGGILKKKGHHEAELKPLAQSHATKHKIPVKYLEFISDAIVHVLQKKHPGDFGADAQGAMKKALELFRNDMAAKYKELGFQG
myo3,MGLSDGEWQLVLNVWGKVEADVAGHGQEVLIRLFKGHPETLEKFDKFKHLKTEDEMKASEDLKKHGNTVLSALGGILKKKGQHEAEIKPLAQSHATKHKIPVKYLEFISEAIIQVLQSKHPGDFGADAQAAMSKALELFRNDIAAKYKELGFQG
myo4,MGLSDGEWQSVLNVWGKVEADLAGHGQEILIRLFTAHPETLEKFDKFKNLKTPDEMKASEDLKKHGVTVLTALGGILKKKGHHEAEIKPLAQSHATKHKIPVKYLEFISEAIIHVLQSKHPGDFGADAQGAMNKALELFRNDIAAKYKELGFQG
myo5,MGLSDGEWQSVLNVWGKVEADLAGHGQEILIRLFTAHPETLEKFDKFKNLKTPDEMKASEDLKKHGVTVLTALGGILKKKGQHEAEIKPLAQSHATKHKIPVKYLEFISGAIIHVLQSKHPGDFGADAQGAMSKALELFRNDIAAKYKELGFQG
myo6,MGLSEAEWQLVLHVWAKVEADLSGHGQEILIRLFKGHPETLEKFDKFKHLKSEAEMKASEDLKKHGHTVLTALGGILKKKGHHEAELKPLAQSHATKHKIPIKYLEFISDAIIHVLHSRHPSDFGADAQAAMTKALELFRKDIAAKYKELGFHG
myo7,MVLSEGEWQLVLHVWAKVEADVAGHGQDILIRLFKSHPETLEKFDRFKHLKTEAEMKASEDLKKHGVTVLTALGAILKKKGHHEAELKPLAQSHATKHKIPIKYLEFISEAIIHVLHSRHPGDFGADAQGAMNKALELFRKDIAAKYKELGYQG
myo8,MGLSDGEWQLVLNIWGKVETDEGGHGKDVLIRLFKGHPETLEKFDKFKHLKSEDEMKASEDLKKHGITVLTALGNILKKKGHHEAELKPLAQSHATKHKIPVQFLEFISDAIIQVIQSKHAGNFGADAQAAMKKALELFRHDMAAKYKEFGFQG
myo9,MGLSDGEWQLVLKVWGKVEGDLPGHGQEVLIRLFKTHPETLEKFDKFKGLKTEDEMKASADLKKHGGTVLTALGNILKKKGQHEAELKPLAQSHATKHKISIKFLEYISEAIIHVLQSKHSADFGADAQAAMGKALELFRNDMAAKYKEFGFQG
myo10,MGLSDQEWQQVLTIWGKVEADIAGHGHEVLMRLFHDHPETLDRFDKFKGLKTPDQMKGSEDLKKHGATVLTQLGKILKQKGNHESELKPLAQTHATKHKIPVKYLEFISEVIIKVIAEKHAADFGADSQAAMKKALELFRNDMASKYKEFGFQG
myo11,MADWDKVNSVWSAMEANITAVGQNILLRLFEQYPESQSYFPKLKNKSLGELKDTADIKAQADTVLKALGNIVKKKGNHSQPVKALAATHITTHKIPPHYFTKITTIAVGVLSEMYPSEMNAQAQEAFSGAFKSICSDIEKEYKAANFQG
